customer_id,period,total_spent,txn_count,avg_spent,max_spent,online_ratio,unique_merchants,electronics,entertainment,fashion,fuel,groceries,travel,card,netbanking,upi
C001,2025-08-01,12064,1,12064.0,12064,0.0,1,0,0,0,12064,0,0,0,0,1
C001,2025-08-02,16123,1,16123.0,16123,1.0,1,0,0,0,0,0,16123,1,0,0
C001,2025-08-03,5151,1,5151.0,5151,1.0,1,0,0,0,5151,0,0,0,0,1
C001,2025-08-05,18531,1,18531.0,18531,0.0,1,0,0,18531,0,0,0,0,1,0
C001,2025-08-06,17095,3,5698.333333333333,10727,1.0,3,2712,0,0,0,10727,3656,1,1,1
C001,2025-08-07,14641,1,14641.0,14641,1.0,1,0,0,0,0,14641,0,0,0,1
C001,2025-08-08,8089,1,8089.0,8089,1.0,1,0,0,0,8089,0,0,0,0,1
C001,2025-08-09,27149,3,9049.666666666666,17362,0.6666666666666666,3,0,1116,0,26033,0,0,2,0,1
C001,2025-08-11,2795,1,2795.0,2795,0.0,1,0,0,0,0,0,2795,0,1,0
C001,2025-08-13,8492,1,8492.0,8492,0.0,1,0,0,8492,0,0,0,1,0,0
C001,2025-08-14,45342,3,15114.0,17968,0.0,3,17512,0,0,0,9862,17968,1,2,0
C001,2025-08-15,21419,2,10709.5,19641,0.0,2,0,0,19641,0,0,1778,1,0,1
C001,2025-08-17,16257,1,16257.0,16257,0.0,1,0,16257,0,0,0,0,0,0,1
C001,2025-08-18,1406,1,1406.0,1406,1.0,1,0,1406,0,0,0,0,1,0,0
C001,2025-08-19,3848,1,3848.0,3848,1.0,1,0,0,0,0,3848,0,0,1,0
C001,2025-08-20,15644,2,7822.0,13908,0.5,2,13908,0,0,0,1736,0,0,1,1
C001,2025-08-21,5955,1,5955.0,5955,0.0,1,0,0,0,0,5955,0,0,1,0
C001,2025-08-22,24446,2,12223.0,19415,0.5,2,19415,0,0,0,0,5031,0,1,1
C001,2025-08-23,11689,1,11689.0,11689,1.0,1,0,0,0,11689,0,0,0,1,0
C001,2025-08-24,3011,1,3011.0,3011,0.0,1,0,0,3011,0,0,0,1,0,0
C001,2025-08-25,8255,1,8255.0,8255,1.0,1,0,0,0,0,8255,0,0,0,1
C001,2025-08-26,9308,1,9308.0,9308,1.0,1,0,0,9308,0,0,0,0,0,1
C001,2025-08-27,47623,3,15874.333333333334,19654,1.0,3,0,15686,12283,0,0,19654,1,2,0
C001,2025-08-29,27495,3,9165.0,13546,0.6666666666666666,3,0,8150,0,0,5799,13546,2,0,1
C001,2025-08-30,22409,2,11204.5,16709,1.0,2,0,0,0,22409,0,0,1,1,0
C001,2025-08-31,18689,1,18689.0,18689,1.0,1,0,0,0,18689,0,0,1,0,0
C001,2025-09-02,31199,5,6239.8,17464,0.8,5,1509,4114,0,7443,17464,669,1,1,3
C001,2025-09-03,35441,3,11813.666666666666,17058,0.3333333333333333,3,13503,17058,4880,0,0,0,0,1,2
C001,2025-09-05,16404,2,8202.0,15428,1.0,2,0,0,976,15428,0,0,1,1,0
C001,2025-09-06,34967,3,11655.666666666666,18148,0.3333333333333333,3,18148,8408,0,0,0,8411,0,2,1
C001,2025-09-09,28378,3,9459.333333333334,17064,1.0,3,0,17064,0,9535,0,1779,1,1,1
C001,2025-09-10,8560,2,4280.0,5981,0.5,2,5981,0,0,2579,0,0,1,0,1
C001,2025-09-11,17131,3,5710.333333333333,6933,0.3333333333333333,3,4711,0,0,0,0,12420,2,1,0
C001,2025-09-17,16381,1,16381.0,16381,0.0,1,16381,0,0,0,0,0,0,0,1
C001,2025-09-18,23195,2,11597.5,11757,0.5,2,0,0,0,23195,0,0,1,1,0
C001,2025-09-20,7457,1,7457.0,7457,0.0,1,0,0,0,7457,0,0,1,0,0
C001,2025-09-21,13684,1,13684.0,13684,0.0,1,0,0,0,0,13684,0,1,0,0
C001,2025-09-24,22807,4,5701.75,11230,0.25,4,0,0,0,22807,0,0,1,2,1
C001,2025-09-27,20807,2,10403.5,19165,0.0,2,19165,1642,0,0,0,0,1,0,1
C001,2025-09-28,29867,3,9955.666666666666,15585,0.3333333333333333,2,0,0,6688,0,7594,15585,1,1,1
C001,2025-10-02,40959,4,10239.75,15861,0.25,4,0,0,0,24175,16784,0,2,1,1
C001,2025-10-03,23499,3,7833.0,13423,0.6666666666666666,3,13423,0,10076,0,0,0,1,0,2
C001,2025-10-04,8692,2,4346.0,5813,1.0,2,0,0,0,2879,0,5813,0,1,1
C001,2025-10-05,5373,2,2686.5,4258,0.0,2,0,0,0,0,5373,0,0,1,1
C001,2025-10-11,31642,4,7910.5,16733,0.25,4,21809,0,0,3736,6097,0,1,2,1
C001,2025-10-12,42220,3,14073.333333333334,19298,0.6666666666666666,2,0,0,15881,19298,0,7041,1,0,2
C001,2025-10-13,29736,2,14868.0,19316,0.5,2,0,0,19316,10420,0,0,1,0,1
C001,2025-10-14,12115,1,12115.0,12115,1.0,1,0,0,0,0,0,12115,1,0,0
C001,2025-10-17,10011,1,10011.0,10011,1.0,1,0,0,0,0,10011,0,0,1,0
C001,2025-10-22,13816,1,13816.0,13816,1.0,1,0,13816,0,0,0,0,1,0,0
C001,2025-10-23,14224,1,14224.0,14224,0.0,1,0,0,0,0,0,14224,0,0,1
C001,2025-10-24,22292,2,11146.0,17760,0.5,2,4532,0,17760,0,0,0,1,1,0
C001,2025-10-25,2225,1,2225.0,2225,1.0,1,2225,0,0,0,0,0,0,0,1
C001,2025-10-27,34410,3,11470.0,19829,0.6666666666666666,3,26158,0,0,8252,0,0,1,1,1
C001,2025-10-28,16716,1,16716.0,16716,1.0,1,0,0,0,16716,0,0,0,1,0
C001,2025-10-29,22617,2,11308.5,15779,0.5,2,22617,0,0,0,0,0,1,0,1
C001,2025-10-31,6867,1,6867.0,6867,1.0,1,0,0,6867,0,0,0,0,1,0
C001,2025-11-02,2690,1,2690.0,2690,1.0,1,0,0,0,2690,0,0,0,1,0
C001,2025-11-03,49589,3,16529.666666666668,19035,1.0,3,0,19035,16708,13846,0,0,1,2,0
C001,2025-11-04,7088,1,7088.0,7088,1.0,1,0,0,0,0,0,7088,1,0,0
C001,2025-11-07,14593,3,4864.333333333333,10668,0.6666666666666666,3,335,3590,0,0,10668,0,2,1,0
C001,2025-11-09,40815,3,13605.0,17084,1.0,3,0,0,0,32708,0,8107,2,1,0
C001,2025-11-10,12054,1,12054.0,12054,0.0,1,0,0,0,12054,0,0,1,0,0
C001,2025-11-11,11346,1,11346.0,11346,0.0,1,11346,0,0,0,0,0,1,0,0
C001,2025-11-12,27232,2,13616.0,17686,0.5,2,17686,0,0,0,0,9546,1,1,0
C001,2025-11-13,13547,2,6773.5,11204,1.0,2,0,13547,0,0,0,0,1,0,1
C001,2025-11-14,17256,2,8628.0,14482,0.0,2,0,0,14482,0,0,2774,1,0,1
C001,2025-11-15,9724,3,3241.3333333333335,7883,0.6666666666666666,3,914,7883,0,0,0,927,2,1,0
C001,2025-11-16,9188,2,4594.0,7296,0.5,2,0,9188,0,0,0,0,2,0,0
C001,2025-11-18,39190,4,9797.5,13326,0.75,4,8170,0,8070,0,9624,13326,1,1,2
C001,2025-11-19,13572,1,13572.0,13572,1.0,1,0,0,0,0,13572,0,0,1,0
C001,2025-11-21,13495,1,13495.0,13495,0.0,1,0,0,0,0,13495,0,0,0,1
C001,2025-11-22,17964,3,5988.0,9792,0.6666666666666666,3,5590,9792,0,0,0,2582,0,1,2
C001,2025-11-23,30012,2,15006.0,19819,1.0,2,10193,0,0,19819,0,0,0,2,0
C001,2025-11-24,19717,2,9858.5,11098,0.0,2,0,8619,0,0,0,11098,1,1,0
C001,2025-11-25,44183,4,11045.75,15249,0.75,4,15170,0,0,10212,0,18801,2,1,1
C001,2025-11-26,18039,1,18039.0,18039,0.0,1,0,0,0,18039,0,0,0,0,1
C001,2025-11-27,11193,1,11193.0,11193,1.0,1,0,0,11193,0,0,0,1,0,0
C001,2025-11-28,4690,2,2345.0,3286,0.5,2,0,0,0,0,4690,0,1,1,0
C001,2025-11-29,9096,1,9096.0,9096,1.0,1,0,0,0,0,0,9096,0,0,1
C001,2025-11-30,7284,1,7284.0,7284,0.0,1,0,0,0,7284,0,0,0,0,1
C001,2025-12-03,4363,1,4363.0,4363,0.0,1,4363,0,0,0,0,0,1,0,0
C001,2025-12-04,30820,2,15410.0,19165,0.5,2,0,19165,0,0,0,11655,1,0,1
C001,2025-12-05,38384,3,12794.666666666666,17817,0.3333333333333333,3,17817,0,7815,0,0,12752,1,1,1
C001,2025-12-06,1340,1,1340.0,1340,0.0,1,0,0,0,1340,0,0,0,0,1
C001,2025-12-07,36057,3,12019.0,18806,0.6666666666666666,3,0,0,0,19244,16813,0,0,3,0
C001,2025-12-08,12018,1,12018.0,12018,0.0,1,0,0,0,0,0,12018,1,0,0
C001,2025-12-10,50900,3,16966.666666666668,18903,0.3333333333333333,3,15123,16874,0,0,0,18903,2,1,0
C001,2025-12-11,26260,2,13130.0,13509,0.0,2,0,0,0,0,12751,13509,1,1,0
C001,2025-12-12,35169,3,11723.0,16471,0.6666666666666666,3,0,0,0,26567,0,8602,1,1,1
C001,2025-12-13,32509,4,8127.25,11792,0.5,4,0,11792,12785,0,7932,0,2,1,1
C001,2025-12-14,35596,3,11865.333333333334,17308,0.6666666666666666,3,19276,16320,0,0,0,0,1,1,1
C001,2025-12-15,7314,1,7314.0,7314,0.0,1,0,0,0,0,7314,0,0,1,0
C001,2025-12-17,15643,2,7821.5,14651,0.5,2,0,0,0,0,992,14651,0,1,1
C001,2025-12-18,27554,2,13777.0,17702,1.0,2,0,0,0,9852,17702,0,0,1,1
C001,2025-12-19,4072,1,4072.0,4072,1.0,1,4072,0,0,0,0,0,0,0,1
C001,2025-12-20,12980,1,12980.0,12980,0.0,1,12980,0,0,0,0,0,1,0,0
C001,2025-12-21,29781,3,9927.0,14788,0.3333333333333333,3,0,1412,13581,0,0,14788,1,1,1
C001,2025-12-22,19068,2,9534.0,14970,0.0,2,19068,0,0,0,0,0,0,1,1
C001,2025-12-23,9982,1,9982.0,9982,1.0,1,0,0,0,0,9982,0,1,0,0
C001,2025-12-24,35702,3,11900.666666666666,18371,1.0,3,14849,2482,18371,0,0,0,1,1,1
C001,2025-12-26,11483,1,11483.0,11483,0.0,1,0,0,0,0,0,11483,0,0,1
C001,2025-12-27,17042,2,8521.0,14514,1.0,2,0,0,2528,0,0,14514,1,0,1
C001,2025-12-28,24222,2,12111.0,17582,0.5,2,0,0,17582,0,6640,0,0,1,1
C001,2025-12-29,19380,1,19380.0,19380,1.0,1,0,19380,0,0,0,0,1,0,0
C001,2025-12-30,43015,4,10753.75,19540,0.25,3,0,0,14664,0,19540,8811,1,1,2
C001,2025-12-31,31066,2,15533.0,19430,0.5,2,0,11636,19430,0,0,0,1,1,0
C001,2026-01-02,2533,1,2533.0,2533,1.0,1,0,0,0,0,0,2533,1,0,0
C001,2026-01-03,43117,3,14372.333333333334,19601,0.3333333333333333,3,0,36863,0,6254,0,0,3,0,0
C001,2026-01-04,6468,1,6468.0,6468,0.0,1,0,0,0,0,6468,0,1,0,0
C001,2026-01-06,189,1,189.0,189,1.0,1,0,189,0,0,0,0,0,0,1
C001,2026-01-08,11028,2,5514.0,7017,0.5,2,4011,0,0,0,7017,0,0,1,1
C001,2026-01-09,13495,1,13495.0,13495,0.0,1,0,0,13495,0,0,0,0,0,1
C001,2026-01-10,52150,3,17383.333333333332,19911,0.3333333333333333,3,0,0,32239,19911,0,0,2,0,1
C001,2026-01-11,16102,1,16102.0,16102,0.0,1,0,0,16102,0,0,0,0,1,0
C001,2026-01-12,7105,1,7105.0,7105,1.0,1,0,0,0,7105,0,0,0,0,1
C001,2026-01-13,40425,3,13475.0,16021,0.3333333333333333,3,12103,0,0,0,16021,12301,1,1,1
C001,2026-01-14,12865,1,12865.0,12865,0.0,1,12865,0,0,0,0,0,0,0,1
C001,2026-01-15,4748,1,4748.0,4748,0.0,1,0,4748,0,0,0,0,0,0,1
C001,2026-01-16,3316,1,3316.0,3316,0.0,1,0,0,0,0,0,3316,1,0,0
C001,2026-01-17,12688,1,12688.0,12688,1.0,1,0,0,0,0,0,12688,0,1,0
C001,2026-01-18,13249,1,13249.0,13249,0.0,1,0,0,0,0,13249,0,1,0,0
C001,2026-01-19,13267,2,6633.5,9599,1.0,2,0,0,3668,0,9599,0,1,1,0
C001,2026-01-20,16101,1,16101.0,16101,0.0,1,0,0,0,0,16101,0,0,0,1
C001,2026-01-21,5278,1,5278.0,5278,1.0,1,0,0,0,5278,0,0,1,0,0
C001,2026-01-23,19342,2,9671.0,12604,1.0,2,12604,0,0,0,0,6738,1,0,1
C001,2026-01-26,22129,2,11064.5,12473,0.0,2,12473,0,0,0,9656,0,1,1,0
C001,2026-01-27,6991,2,3495.5,3819,0.5,2,0,0,0,0,3819,3172,0,1,1
C001,2026-01-28,4133,1,4133.0,4133,0.0,1,4133,0,0,0,0,0,0,1,0
C001,2026-01-29,21481,2,10740.5,19714,0.5,2,0,1767,0,0,19714,0,0,0,2
C001,2026-01-30,23046,3,7682.0,9113,0.3333333333333333,3,0,0,0,4906,18140,0,1,1,1
C002,2025-08-01,6571,1,6571.0,6571,0.0,1,6571,0,0,0,0,0,1,0,0
C002,2025-08-02,11656,1,11656.0,11656,0.0,1,0,0,11656,0,0,0,0,1,0
C002,2025-08-03,23725,3,7908.333333333333,14213,0.0,3,0,14213,0,0,0,9512,2,1,0
C002,2025-08-04,30202,3,10067.333333333334,18843,0.3333333333333333,3,9973,0,1386,0,18843,0,2,1,0
C002,2025-08-05,9700,1,9700.0,9700,0.0,1,0,0,9700,0,0,0,0,0,1
C002,2025-08-06,18018,3,6006.0,6907,1.0,3,4716,0,0,0,6395,6907,0,2,1
C002,2025-08-07,9754,1,9754.0,9754,1.0,1,9754,0,0,0,0,0,0,1,0
C002,2025-08-08,16436,1,16436.0,16436,1.0,1,0,16436,0,0,0,0,1,0,0
C002,2025-08-10,17584,1,17584.0,17584,0.0,1,0,0,0,17584,0,0,0,0,1
C002,2025-08-11,22536,2,11268.0,11643,0.5,1,0,0,11643,10893,0,0,1,1,0
C002,2025-08-12,5289,1,5289.0,5289,1.0,1,0,0,0,0,5289,0,1,0,0
C002,2025-08-13,4355,1,4355.0,4355,0.0,1,0,0,0,4355,0,0,0,0,1
C002,2025-08-14,7526,1,7526.0,7526,1.0,1,0,7526,0,0,0,0,0,0,1
C002,2025-08-15,4235,2,2117.5,3474,0.0,2,0,0,761,0,3474,0,1,0,1
C002,2025-08-16,13811,1,13811.0,13811,0.0,1,0,0,13811,0,0,0,0,1,0
C002,2025-08-18,8655,1,8655.0,8655,1.0,1,0,0,0,0,8655,0,1,0,0
C002,2025-08-20,11123,1,11123.0,11123,1.0,1,0,0,11123,0,0,0,0,0,1
C002,2025-08-21,18892,1,18892.0,18892,0.0,1,0,0,0,18892,0,0,0,1,0
C002,2025-08-22,18173,1,18173.0,18173,1.0,1,0,0,18173,0,0,0,0,1,0
C002,2025-08-23,20818,3,6939.333333333333,12365,0.3333333333333333,3,660,12365,0,0,7793,0,1,0,2
C002,2025-08-24,28958,3,9652.666666666666,14816,0.6666666666666666,3,5756,8386,14816,0,0,0,1,1,1
C002,2025-08-25,3064,1,3064.0,3064,0.0,1,3064,0,0,0,0,0,1,0,0
C002,2025-08-26,26858,3,8952.666666666666,19203,0.3333333333333333,3,0,0,945,19203,0,6710,1,1,1
C002,2025-08-28,5178,1,5178.0,5178,1.0,1,0,0,0,0,0,5178,0,1,0
C002,2025-08-29,8900,1,8900.0,8900,0.0,1,0,0,8900,0,0,0,0,1,0
C002,2025-08-30,9111,1,9111.0,9111,0.0,1,0,0,9111,0,0,0,0,1,0
C002,2025-08-31,8297,2,4148.5,6648,0.5,2,0,6648,0,1649,0,0,1,1,0
C002,2025-09-02,14928,1,14928.0,14928,1.0,1,0,0,0,14928,0,0,1,0,0
C002,2025-09-03,10734,1,10734.0,10734,1.0,1,0,0,0,10734,0,0,0,0,1
C002,2025-09-04,7494,1,7494.0,7494,0.0,1,0,0,0,0,7494,0,1,0,0
C002,2025-09-05,116,1,116.0,116,1.0,1,0,0,0,0,116,0,1,0,0
C002,2025-09-06,18763,1,18763.0,18763,1.0,1,0,0,0,18763,0,0,0,1,0
C002,2025-09-07,37582,3,12527.333333333334,19755,0.0,3,0,0,15016,0,22566,0,1,2,0
C002,2025-09-08,12786,1,12786.0,12786,0.0,1,0,0,0,0,0,12786,0,1,0
C002,2025-09-09,28589,2,14294.5,17730,0.5,2,10859,0,0,0,17730,0,0,1,1
C002,2025-09-11,33866,3,11288.666666666666,17253,0.3333333333333333,3,7010,17253,9603,0,0,0,2,1,0
C002,2025-09-12,4683,1,4683.0,4683,1.0,1,0,0,0,0,0,4683,0,0,1
C002,2025-09-13,16875,2,8437.5,16090,0.5,2,0,0,0,0,16875,0,1,1,0
C002,2025-09-14,40603,3,13534.333333333334,17130,0.3333333333333333,3,0,0,40603,0,0,0,1,1,1
C002,2025-09-16,1824,1,1824.0,1824,0.0,1,0,0,0,0,1824,0,0,1,0
C002,2025-09-17,51581,4,12895.25,16932,0.25,4,8653,0,16932,0,11854,14142,3,1,0
C002,2025-09-18,19133,1,19133.0,19133,0.0,1,19133,0,0,0,0,0,1,0,0
C002,2025-09-19,11574,2,5787.0,9696,0.0,2,0,1878,9696,0,0,0,1,0,1
C002,2025-09-21,14637,1,14637.0,14637,0.0,1,0,14637,0,0,0,0,1,0,0
C002,2025-09-22,20246,2,10123.0,16187,0.5,2,0,4059,0,16187,0,0,0,0,2
C002,2025-09-23,12180,1,12180.0,12180,1.0,1,0,12180,0,0,0,0,0,0,1
C002,2025-09-24,53485,4,13371.25,19294,0.5,3,0,18494,19294,0,15697,0,0,1,3
C002,2025-09-25,14926,2,7463.0,8429,0.5,2,8429,6497,0,0,0,0,1,0,1
C002,2025-09-26,5117,1,5117.0,5117,1.0,1,0,0,0,0,0,5117,1,0,0
C002,2025-09-27,35503,2,17751.5,19462,0.5,2,16041,0,0,0,19462,0,1,0,1
C002,2025-09-29,7810,1,7810.0,7810,1.0,1,0,0,7810,0,0,0,1,0,0
C002,2025-09-30,9657,1,9657.0,9657,1.0,1,0,0,9657,0,0,0,0,1,0
C002,2025-10-01,2114,1,2114.0,2114,0.0,1,2114,0,0,0,0,0,1,0,0
C002,2025-10-02,2743,1,2743.0,2743,1.0,1,2743,0,0,0,0,0,1,0,0
C002,2025-10-03,14389,1,14389.0,14389,0.0,1,0,0,0,0,0,14389,0,1,0
C002,2025-10-05,5532,1,5532.0,5532,0.0,1,0,0,0,5532,0,0,0,0,1
C002,2025-10-07,39549,3,13183.0,16476,0.3333333333333333,3,0,15452,7621,16476,0,0,3,0,0
C002,2025-10-08,12585,1,12585.0,12585,1.0,1,12585,0,0,0,0,0,0,0,1
C002,2025-10-09,197,1,197.0,197,0.0,1,0,0,0,0,0,197,0,0,1
C002,2025-10-10,11210,2,5605.0,9383,0.5,2,0,9383,0,0,0,1827,0,2,0
C002,2025-10-11,881,1,881.0,881,0.0,1,0,0,0,0,0,881,0,0,1
C002,2025-10-14,25885,3,8628.333333333334,15895,0.3333333333333333,3,0,0,2651,0,23234,0,1,2,0
C002,2025-10-15,19056,2,9528.0,14821,0.5,2,0,4235,0,0,0,14821,1,1,0
C002,2025-10-16,17656,2,8828.0,15249,1.0,2,0,2407,0,0,15249,0,0,1,1
C002,2025-10-17,1225,1,1225.0,1225,0.0,1,1225,0,0,0,0,0,0,1,0
C002,2025-10-18,3964,1,3964.0,3964,0.0,1,0,0,3964,0,0,0,0,0,1
C002,2025-10-19,31323,2,15661.5,19474,0.5,2,11849,0,19474,0,0,0,1,1,0
C002,2025-10-20,37555,3,12518.333333333334,18199,1.0,3,18199,18158,0,0,1198,0,0,2,1
C002,2025-10-21,4678,1,4678.0,4678,1.0,1,0,0,4678,0,0,0,0,1,0
C002,2025-10-22,9146,1,9146.0,9146,1.0,1,0,0,0,0,0,9146,0,0,1
C002,2025-10-23,9628,1,9628.0,9628,0.0,1,0,0,0,9628,0,0,0,0,1
C002,2025-10-24,28389,3,9463.0,14070,0.3333333333333333,2,0,20871,0,0,0,7518,1,2,0
C002,2025-10-25,15049,1,15049.0,15049,0.0,1,0,15049,0,0,0,0,1,0,0
C002,2025-10-26,58079,5,11615.8,17417,0.6,5,0,0,15275,17417,14047,11340,1,1,3
C002,2025-10-27,4216,2,2108.0,2624,0.0,2,0,2624,0,1592,0,0,1,0,1
C002,2025-10-28,10815,2,5407.5,9268,0.0,2,9268,0,1547,0,0,0,1,0,1
C002,2025-10-29,16889,1,16889.0,16889,1.0,1,0,0,0,16889,0,0,1,0,0
C002,2025-10-30,871,1,871.0,871,1.0,1,0,871,0,0,0,0,1,0,0
C002,2025-10-31,36153,3,12051.0,19935,0.0,2,19935,9402,6816,0,0,0,1,0,2
C002,2025-11-01,23551,2,11775.5,17643,0.5,2,0,0,0,5908,0,17643,2,0,0
C002,2025-11-02,5582,1,5582.0,5582,0.0,1,0,5582,0,0,0,0,1,0,0
C002,2025-11-03,2966,1,2966.0,2966,0.0,1,0,0,0,0,0,2966,0,1,0
C002,2025-11-04,17840,1,17840.0,17840,0.0,1,0,17840,0,0,0,0,1,0,0
C002,2025-11-05,20149,3,6716.333333333333,15912,0.6666666666666666,3,0,0,0,0,20149,0,0,0,3
C002,2025-11-06,17077,1,17077.0,17077,1.0,1,0,0,0,17077,0,0,0,1,0
C002,2025-11-07,24634,2,12317.0,14476,0.5,2,14476,0,0,10158,0,0,1,0,1
C002,2025-11-11,13690,3,4563.333333333333,6539,0.0,3,6539,0,0,0,7151,0,2,1,0
C002,2025-11-13,13781,2,6890.5,10181,0.5,2,0,0,0,0,3600,10181,0,1,1
C002,2025-11-14,10333,1,10333.0,10333,1.0,1,0,0,0,0,0,10333,1,0,0
C002,2025-11-16,19090,1,19090.0,19090,1.0,1,0,0,19090,0,0,0,1,0,0
C002,2025-11-17,13890,1,13890.0,13890,1.0,1,0,0,0,0,0,13890,1,0,0
C002,2025-11-18,15945,1,15945.0,15945,0.0,1,0,0,0,0,15945,0,1,0,0
C002,2025-11-19,11443,2,5721.5,6691,0.0,2,0,0,4752,0,0,6691,0,2,0
C002,2025-11-21,2269,1,2269.0,2269,0.0,1,0,0,0,2269,0,0,0,0,1
C002,2025-11-22,54107,4,13526.75,17923,1.0,4,0,8656,15073,30378,0,0,3,1,0
C002,2025-11-23,9814,1,9814.0,9814,0.0,1,0,0,0,0,9814,0,0,1,0
C002,2025-11-25,6752,1,6752.0,6752,0.0,1,0,0,0,0,6752,0,0,0,1
C002,2025-11-26,54293,3,18097.666666666668,19695,0.6666666666666666,3,0,19695,0,19646,14952,0,0,1,2
C002,2025-11-28,26962,2,13481.0,13993,1.0,2,12969,0,0,0,13993,0,0,0,2
C002,2025-11-29,21362,2,10681.0,18454,0.0,2,0,0,18454,0,0,2908,1,1,0
C002,2025-12-01,58005,4,14501.25,19251,0.25,4,19251,4006,18483,0,0,16265,2,0,2
C002,2025-12-02,30572,3,10190.666666666666,19325,0.0,3,0,0,1188,10059,19325,0,1,2,0
C002,2025-12-03,11628,1,11628.0,11628,1.0,1,11628,0,0,0,0,0,0,0,1
C002,2025-12-05,9201,1,9201.0,9201,0.0,1,0,0,9201,0,0,0,1,0,0
C002,2025-12-06,22826,2,11413.0,15371,0.5,2,7455,0,0,0,15371,0,0,0,2
C002,2025-12-08,7295,2,3647.5,4827,0.0,2,0,4827,0,0,2468,0,0,0,2
C002,2025-12-10,16925,2,8462.5,16666,1.0,2,259,16666,0,0,0,0,0,0,2
C002,2025-12-11,13441,1,13441.0,13441,1.0,1,0,0,13441,0,0,0,0,1,0
C002,2025-12-12,15749,1,15749.0,15749,1.0,1,15749,0,0,0,0,0,0,1,0
C002,2025-12-13,18368,1,18368.0,18368,0.0,1,18368,0,0,0,0,0,0,0,1
C002,2025-12-14,21268,2,10634.0,15375,0.0,2,0,0,5893,0,15375,0,0,1,1
C002,2025-12-15,16027,1,16027.0,16027,1.0,1,0,0,16027,0,0,0,1,0,0
C002,2025-12-16,39122,4,9780.5,13300,0.5,4,0,0,12920,13300,622,12280,1,3,0
C002,2025-12-17,8035,1,8035.0,8035,0.0,1,0,8035,0,0,0,0,1,0,0
C002,2025-12-19,29209,2,14604.5,19721,0.0,2,0,0,0,9488,0,19721,2,0,0
C002,2025-12-21,35055,2,17527.5,18032,0.0,2,0,17023,0,0,18032,0,1,0,1
C002,2025-12-22,36815,2,18407.5,19657,1.0,2,19657,0,0,0,17158,0,1,1,0
C002,2025-12-23,1501,1,1501.0,1501,0.0,1,0,0,1501,0,0,0,0,0,1
C002,2025-12-24,65627,4,16406.75,19287,0.25,4,12056,0,0,15593,19287,18691,2,1,1
C002,2025-12-25,13003,1,13003.0,13003,1.0,1,0,0,0,0,0,13003,1,0,0
C002,2025-12-26,19754,2,9877.0,10947,1.0,2,8807,0,10947,0,0,0,1,1,0
C002,2025-12-27,7759,1,7759.0,7759,0.0,1,7759,0,0,0,0,0,1,0,0
C002,2025-12-28,13794,2,6897.0,13479,0.5,2,0,315,13479,0,0,0,0,2,0
C002,2025-12-29,28782,3,9594.0,14450,0.6666666666666666,3,0,14332,0,14450,0,0,0,0,3
C002,2025-12-30,17433,2,8716.5,10859,0.5,2,0,0,10859,6574,0,0,0,2,0
C002,2026-01-01,15252,2,7626.0,7966,1.0,2,7966,7286,0,0,0,0,0,1,1
C002,2026-01-02,64046,7,9149.42857142857,12574,0.42857142857142855,7,0,8299,20292,12524,0,22931,3,2,2
C002,2026-01-03,19977,2,9988.5,19249,0.5,2,0,728,0,0,19249,0,1,1,0
C002,2026-01-04,24873,2,12436.5,15517,0.5,2,15517,0,0,0,9356,0,0,1,1
C002,2026-01-05,26652,3,8884.0,12939,0.6666666666666666,2,0,0,0,23681,0,2971,0,2,1
C002,2026-01-06,23550,2,11775.0,16754,1.0,2,0,0,0,0,0,23550,1,1,0
C002,2026-01-07,15623,1,15623.0,15623,1.0,1,15623,0,0,0,0,0,0,0,1
C002,2026-01-08,21638,2,10819.0,16762,1.0,2,0,0,0,16762,4876,0,1,1,0
C002,2026-01-09,11680,1,11680.0,11680,1.0,1,0,0,11680,0,0,0,0,1,0
C002,2026-01-10,12807,1,12807.0,12807,1.0,1,0,0,0,0,12807,0,1,0,0
C002,2026-01-11,28603,2,14301.5,16689,0.5,2,0,11914,0,0,16689,0,0,1,1
C002,2026-01-12,3373,1,3373.0,3373,0.0,1,0,0,0,0,0,3373,0,1,0
C002,2026-01-13,2932,1,2932.0,2932,0.0,1,0,0,2932,0,0,0,0,1,0
C002,2026-01-14,3826,3,1275.3333333333333,2014,0.3333333333333333,3,0,2622,0,0,1204,0,0,1,2
C002,2026-01-17,3508,1,3508.0,3508,1.0,1,0,0,0,0,3508,0,0,1,0
C002,2026-01-18,12146,1,12146.0,12146,0.0,1,0,0,12146,0,0,0,0,0,1
C002,2026-01-19,11165,1,11165.0,11165,1.0,1,0,0,0,0,11165,0,0,0,1
C002,2026-01-20,24002,2,12001.0,17476,0.5,1,0,6526,0,0,17476,0,1,1,0
C002,2026-01-21,5086,1,5086.0,5086,1.0,1,0,0,0,0,0,5086,1,0,0
C002,2026-01-22,19577,1,19577.0,19577,0.0,1,0,0,0,0,0,19577,0,1,0
C002,2026-01-23,28371,3,9457.0,16623,0.3333333333333333,2,0,0,4659,7089,16623,0,2,0,1
C002,2026-01-24,35140,2,17570.0,19090,0.0,2,0,16050,19090,0,0,0,1,1,0
C002,2026-01-26,19245,1,19245.0,19245,1.0,1,0,0,0,0,19245,0,0,0,1
C002,2026-01-28,2088,1,2088.0,2088,0.0,1,2088,0,0,0,0,0,1,0,0
C002,2026-01-29,13165,1,13165.0,13165,1.0,1,13165,0,0,0,0,0,0,1,0
C002,2026-01-30,5272,2,2636.0,3654,0.5,2,3654,1618,0,0,0,0,1,1,0
C002,2026-01-31,12460,1,12460.0,12460,1.0,1,0,0,0,0,12460,0,0,0,1
C003,2025-08-01,25484,3,8494.666666666666,15538,0.0,3,0,1371,0,0,8575,15538,1,1,1
C003,2025-08-02,19903,2,9951.5,11436,1.0,2,0,8467,0,11436,0,0,0,0,2
C003,2025-08-03,4735,2,2367.5,3776,1.0,2,0,0,0,0,959,3776,1,1,0
C003,2025-08-04,11096,1,11096.0,11096,1.0,1,0,0,11096,0,0,0,0,1,0
C003,2025-08-05,14731,1,14731.0,14731,0.0,1,0,0,0,0,0,14731,0,0,1
C003,2025-08-06,18010,1,18010.0,18010,1.0,1,18010,0,0,0,0,0,0,0,1
C003,2025-08-07,2883,2,1441.5,2093,1.0,2,0,2883,0,0,0,0,1,1,0
C003,2025-08-08,38291,3,12763.666666666666,18357,0.0,3,14527,5407,0,0,0,18357,0,1,2
C003,2025-08-09,8426,1,8426.0,8426,1.0,1,0,0,0,8426,0,0,0,0,1
C003,2025-08-11,17032,2,8516.0,15295,1.0,2,0,1737,0,15295,0,0,1,1,0
C003,2025-08-12,2447,2,1223.5,2287,0.5,2,160,0,2287,0,0,0,1,0,1
C003,2025-08-13,16243,3,5414.333333333333,15821,0.3333333333333333,3,15821,236,0,0,186,0,1,2,0
C003,2025-08-14,7420,2,3710.0,5620,1.0,2,0,0,0,7420,0,0,1,0,1
C003,2025-08-15,9012,1,9012.0,9012,1.0,1,0,9012,0,0,0,0,0,0,1
C003,2025-08-16,11271,1,11271.0,11271,1.0,1,11271,0,0,0,0,0,0,0,1
C003,2025-08-18,14553,1,14553.0,14553,0.0,1,0,14553,0,0,0,0,0,1,0
C003,2025-08-19,12244,3,4081.3333333333335,5197,0.3333333333333333,1,2020,0,0,5027,5197,0,0,2,1
C003,2025-08-20,15910,1,15910.0,15910,0.0,1,15910,0,0,0,0,0,0,1,0
C003,2025-08-21,22564,3,7521.333333333333,14771,0.3333333333333333,3,0,0,3993,0,14771,3800,1,1,1
C003,2025-08-22,5157,1,5157.0,5157,0.0,1,0,0,0,0,5157,0,0,1,0
C003,2025-08-23,25182,2,12591.0,19091,0.5,2,19091,0,6091,0,0,0,1,0,1
C003,2025-08-24,26713,2,13356.5,14105,0.5,2,0,14105,0,0,0,12608,1,1,0
C003,2025-08-25,25954,2,12977.0,14996,0.5,2,0,0,0,0,14996,10958,0,2,0
C003,2025-08-28,11874,2,5937.0,8335,0.5,2,0,0,0,11874,0,0,1,0,1
C003,2025-08-29,20888,4,5222.0,10639,1.0,4,0,0,0,10249,0,10639,1,0,3
C003,2025-08-30,26106,2,13053.0,13780,1.0,2,0,26106,0,0,0,0,1,0,1
C003,2025-08-31,1022,1,1022.0,1022,0.0,1,0,0,1022,0,0,0,0,0,1
C003,2025-09-01,26135,3,8711.666666666666,16477,0.0,3,0,3848,0,22287,0,0,2,0,1
C003,2025-09-02,57467,5,11493.4,19448,0.4,5,0,0,0,19461,0,38006,1,2,2
C003,2025-09-03,10801,1,10801.0,10801,0.0,1,10801,0,0,0,0,0,0,1,0
C003,2025-09-05,11548,2,5774.0,10876,0.5,2,0,0,10876,0,0,672,0,2,0
C003,2025-09-06,20139,2,10069.5,17822,0.5,2,0,0,2317,17822,0,0,1,0,1
C003,2025-09-07,26519,2,13259.5,19388,0.5,2,0,0,0,0,19388,7131,1,0,1
C003,2025-09-08,30030,2,15015.0,19989,0.5,2,10041,0,19989,0,0,0,2,0,0
C003,2025-09-09,4727,1,4727.0,4727,1.0,1,0,4727,0,0,0,0,0,1,0
C003,2025-09-10,19273,1,19273.0,19273,1.0,1,19273,0,0,0,0,0,0,0,1
C003,2025-09-12,24171,2,12085.5,19050,1.0,2,0,0,0,19050,5121,0,0,2,0
C003,2025-09-13,18743,1,18743.0,18743,0.0,1,0,0,0,18743,0,0,1,0,0
C003,2025-09-14,20706,3,6902.0,14815,0.6666666666666666,3,1646,4245,0,14815,0,0,1,0,2
C003,2025-09-16,51757,4,12939.25,17520,0.25,4,0,5557,17520,16675,0,12005,0,1,3
C003,2025-09-17,27424,2,13712.0,19667,0.0,2,0,0,19667,0,7757,0,2,0,0
C003,2025-09-19,13323,1,13323.0,13323,0.0,1,0,0,0,0,13323,0,0,0,1
C003,2025-09-21,38068,3,12689.333333333334,19593,0.6666666666666666,3,7224,0,11251,0,0,19593,2,0,1
C003,2025-09-22,5174,1,5174.0,5174,1.0,1,0,0,0,5174,0,0,0,0,1
C003,2025-09-23,28467,3,9489.0,18150,1.0,3,0,10317,0,18150,0,0,1,0,2
C003,2025-09-24,9118,1,9118.0,9118,0.0,1,0,0,0,9118,0,0,0,0,1
C003,2025-09-27,11769,1,11769.0,11769,1.0,1,0,0,11769,0,0,0,1,0,0
C003,2025-09-29,19463,1,19463.0,19463,1.0,1,0,0,0,0,19463,0,0,1,0
C003,2025-09-30,27737,2,13868.5,15688,0.0,2,0,0,0,0,15688,12049,1,1,0
C003,2025-10-01,9204,1,9204.0,9204,0.0,1,0,9204,0,0,0,0,1,0,0
C003,2025-10-02,39324,3,13108.0,19245,0.6666666666666666,3,0,0,21193,0,18131,0,1,1,1
C003,2025-10-04,1906,1,1906.0,1906,0.0,1,0,0,1906,0,0,0,1,0,0
C003,2025-10-06,25472,3,8490.666666666666,15298,0.0,3,0,9883,0,0,15298,291,1,0,2
C003,2025-10-07,12491,1,12491.0,12491,0.0,1,0,0,0,0,0,12491,0,1,0
C003,2025-10-09,12680,1,12680.0,12680,0.0,1,0,0,0,0,0,12680,0,0,1
C003,2025-10-10,3459,1,3459.0,3459,0.0,1,0,0,0,0,3459,0,0,1,0
C003,2025-10-11,14430,1,14430.0,14430,1.0,1,0,0,14430,0,0,0,0,0,1
C003,2025-10-12,39690,4,9922.5,11341,0.75,4,7778,0,11251,0,11341,9320,1,1,2
C003,2025-10-13,14098,1,14098.0,14098,1.0,1,14098,0,0,0,0,0,0,1,0
C003,2025-10-14,29984,2,14992.0,16612,0.5,2,0,16612,13372,0,0,0,0,0,2
C003,2025-10-15,8285,1,8285.0,8285,0.0,1,8285,0,0,0,0,0,0,1,0
C003,2025-10-16,20427,2,10213.5,13048,1.0,2,0,0,20427,0,0,0,0,1,1
C003,2025-10-17,15599,2,7799.5,14491,0.0,2,0,0,0,0,0,15599,0,0,2
C003,2025-10-18,43331,5,8666.2,18203,0.6,5,31332,0,0,1549,10450,0,4,1,0
C003,2025-10-19,4724,1,4724.0,4724,0.0,1,0,4724,0,0,0,0,1,0,0
C003,2025-10-20,17861,2,8930.5,10068,0.5,2,0,0,0,17861,0,0,0,0,2
C003,2025-10-21,21071,2,10535.5,11368,1.0,2,11368,0,0,0,9703,0,0,0,2
C003,2025-10-22,15186,1,15186.0,15186,1.0,1,0,0,15186,0,0,0,1,0,0
C003,2025-10-23,12819,1,12819.0,12819,0.0,1,0,0,12819,0,0,0,1,0,0
C003,2025-10-24,4995,1,4995.0,4995,1.0,1,0,0,4995,0,0,0,0,0,1
C003,2025-10-25,14433,1,14433.0,14433,1.0,1,0,0,14433,0,0,0,0,1,0
C003,2025-10-27,18768,1,18768.0,18768,1.0,1,18768,0,0,0,0,0,0,1,0
C003,2025-10-28,36774,2,18387.0,19329,0.5,2,19329,0,17445,0,0,0,0,0,2
C003,2025-10-29,26043,3,8681.0,10689,0.6666666666666666,3,5837,10689,9517,0,0,0,1,1,1
C003,2025-10-31,35637,4,8909.25,17209,0.25,4,1914,19432,0,0,0,14291,1,1,2
C003,2025-11-01,23282,3,7760.666666666667,12762,0.6666666666666666,3,8005,0,0,0,15277,0,0,1,2
C003,2025-11-02,8591,2,4295.5,5550,1.0,2,3041,0,0,0,5550,0,1,1,0
C003,2025-11-03,25853,3,8617.666666666666,18386,0.3333333333333333,3,0,18386,2445,0,0,5022,1,2,0
C003,2025-11-05,6056,1,6056.0,6056,1.0,1,6056,0,0,0,0,0,0,0,1
C003,2025-11-06,17453,1,17453.0,17453,1.0,1,0,0,0,17453,0,0,1,0,0
C003,2025-11-07,17908,2,8954.0,14716,1.0,2,0,14716,0,3192,0,0,0,1,1
C003,2025-11-09,13054,2,6527.0,10373,0.5,2,0,0,2681,10373,0,0,1,0,1
C003,2025-11-10,40733,3,13577.666666666666,17795,1.0,3,6892,0,17795,16046,0,0,1,1,1
C003,2025-11-11,11500,4,2875.0,6083,0.75,4,387,6083,0,0,2754,2276,1,2,1
C003,2025-11-12,35448,4,8862.0,14007,0.75,4,10870,14007,7462,0,3109,0,1,0,3
C003,2025-11-13,9136,1,9136.0,9136,1.0,1,0,0,0,0,9136,0,0,1,0
C003,2025-11-16,10501,1,10501.0,10501,0.0,1,10501,0,0,0,0,0,0,0,1
C003,2025-11-17,10179,1,10179.0,10179,0.0,1,0,0,0,0,10179,0,0,1,0
C003,2025-11-18,11650,3,3883.3333333333335,5297,1.0,3,9378,0,0,2272,0,0,0,1,2
C003,2025-11-19,45212,5,9042.4,18848,0.6,5,0,28759,6738,0,0,9715,3,2,0
C003,2025-11-20,2353,1,2353.0,2353,0.0,1,0,0,0,0,0,2353,1,0,0
C003,2025-11-21,18721,1,18721.0,18721,0.0,1,0,0,0,18721,0,0,0,1,0
C003,2025-11-23,14352,1,14352.0,14352,0.0,1,0,0,0,14352,0,0,1,0,0
C003,2025-11-24,7854,1,7854.0,7854,1.0,1,0,7854,0,0,0,0,0,1,0
C003,2025-11-26,19773,2,9886.5,15570,1.0,2,0,0,0,4203,15570,0,0,1,1
C003,2025-11-28,33677,3,11225.666666666666,14183,0.3333333333333333,3,0,0,10550,8944,0,14183,0,1,2
C003,2025-11-29,25785,2,12892.5,13431,0.0,2,0,12354,0,0,0,13431,0,1,1
C003,2025-12-01,6503,2,3251.5,4937,0.5,2,0,0,1566,0,4937,0,1,1,0
C003,2025-12-02,40777,3,13592.333333333334,18396,0.3333333333333333,3,0,10455,0,30322,0,0,1,1,1
C003,2025-12-03,14412,1,14412.0,14412,0.0,1,0,0,0,14412,0,0,0,0,1
C003,2025-12-04,7480,2,3740.0,7108,0.5,2,0,0,7108,0,0,372,0,0,2
C003,2025-12-05,27644,3,9214.666666666666,16990,0.0,2,10164,0,0,17480,0,0,1,2,0
C003,2025-12-07,17127,1,17127.0,17127,1.0,1,0,0,0,0,0,17127,1,0,0
C003,2025-12-08,28459,2,14229.5,16117,0.0,2,0,0,28459,0,0,0,0,2,0
C003,2025-12-09,13074,2,6537.0,7937,1.0,2,5137,7937,0,0,0,0,0,1,1
C003,2025-12-10,1578,1,1578.0,1578,0.0,1,0,0,0,1578,0,0,0,1,0
C003,2025-12-11,7311,1,7311.0,7311,1.0,1,0,7311,0,0,0,0,1,0,0
C003,2025-12-12,24780,5,4956.0,16655,0.4,4,0,17659,0,2346,0,4775,1,3,1
C003,2025-12-13,36862,4,9215.5,11806,0.75,4,11806,0,8515,6659,0,9882,2,1,1
C003,2025-12-16,8326,1,8326.0,8326,0.0,1,0,8326,0,0,0,0,0,1,0
C003,2025-12-17,10461,1,10461.0,10461,0.0,1,0,0,10461,0,0,0,0,1,0
C003,2025-12-18,28970,3,9656.666666666666,19980,0.3333333333333333,3,0,19980,0,6577,0,2413,1,1,1
C003,2025-12-23,3036,1,3036.0,3036,0.0,1,0,0,0,0,0,3036,0,1,0
C003,2025-12-25,15774,1,15774.0,15774,1.0,1,0,0,15774,0,0,0,0,1,0
C003,2025-12-26,12855,1,12855.0,12855,1.0,1,0,0,12855,0,0,0,0,0,1
C003,2025-12-27,48664,3,16221.333333333334,19381,0.3333333333333333,3,19381,0,10146,19137,0,0,2,1,0
C003,2025-12-28,17353,2,8676.5,10572,1.0,2,0,6781,0,0,10572,0,0,1,1
C003,2025-12-29,29952,2,14976.0,19681,0.5,2,0,0,0,0,19681,10271,0,1,1
C003,2025-12-30,20837,2,10418.5,17850,0.5,1,0,0,20837,0,0,0,1,1,0
C003,2025-12-31,4858,1,4858.0,4858,1.0,1,0,0,0,0,0,4858,0,1,0
C003,2026-01-01,6074,1,6074.0,6074,0.0,1,0,0,0,0,6074,0,1,0,0
C003,2026-01-02,4630,1,4630.0,4630,0.0,1,4630,0,0,0,0,0,0,0,1
C003,2026-01-03,2256,1,2256.0,2256,1.0,1,0,0,0,0,2256,0,1,0,0
C003,2026-01-05,12121,1,12121.0,12121,1.0,1,0,0,0,12121,0,0,1,0,0
C003,2026-01-06,2281,1,2281.0,2281,1.0,1,0,0,0,0,0,2281,0,0,1
C003,2026-01-09,5750,1,5750.0,5750,0.0,1,5750,0,0,0,0,0,1,0,0
C003,2026-01-10,18960,1,18960.0,18960,1.0,1,0,0,0,0,18960,0,0,0,1
C003,2026-01-11,27431,3,9143.666666666666,15307,0.6666666666666666,3,27431,0,0,0,0,0,3,0,0
C003,2026-01-12,31617,4,7904.25,10960,0.25,4,9973,0,6108,0,15536,0,2,2,0
C003,2026-01-13,166,1,166.0,166,0.0,1,0,166,0,0,0,0,0,0,1
C003,2026-01-14,13040,1,13040.0,13040,0.0,1,0,0,13040,0,0,0,0,0,1
C003,2026-01-15,36002,2,18001.0,18728,0.0,2,0,0,0,17274,18728,0,1,0,1
C003,2026-01-17,25626,3,8542.0,18747,0.6666666666666666,3,0,5174,0,0,18747,1705,0,1,2
C003,2026-01-18,5686,1,5686.0,5686,0.0,1,0,5686,0,0,0,0,0,1,0
C003,2026-01-20,3893,1,3893.0,3893,0.0,1,0,0,3893,0,0,0,0,1,0
C003,2026-01-21,42607,3,14202.333333333334,17397,0.3333333333333333,3,0,17397,0,0,0,25210,0,1,2
C003,2026-01-22,12767,2,6383.5,7489,1.0,2,0,0,0,0,5278,7489,1,1,0
C003,2026-01-23,16862,1,16862.0,16862,0.0,1,0,0,0,0,0,16862,0,1,0
C003,2026-01-27,17517,3,5839.0,14659,1.0,3,0,0,0,546,2312,14659,0,2,1
C003,2026-01-29,5554,1,5554.0,5554,0.0,1,0,5554,0,0,0,0,0,1,0
C003,2026-01-30,14994,1,14994.0,14994,1.0,1,0,0,0,14994,0,0,0,0,1
C003,2026-01-31,36779,3,12259.666666666666,18545,0.6666666666666666,3,0,18234,0,0,0,18545,2,0,1
C004,2025-08-01,26759,2,13379.5,17529,0.5,2,0,0,0,0,9230,17529,0,0,2
C004,2025-08-02,15849,1,15849.0,15849,1.0,1,0,0,0,0,15849,0,1,0,0
C004,2025-08-04,6952,1,6952.0,6952,1.0,1,6952,0,0,0,0,0,1,0,0
C004,2025-08-05,16077,2,8038.5,9737,0.0,2,0,0,0,0,6340,9737,2,0,0
C004,2025-08-06,26095,2,13047.5,19994,0.5,2,6101,0,19994,0,0,0,1,0,1
C004,2025-08-07,32454,3,10818.0,14029,1.0,3,18425,14029,0,0,0,0,0,1,2
C004,2025-08-08,14182,2,7091.0,11561,0.5,2,0,2621,11561,0,0,0,0,2,0
C004,2025-08-09,9699,1,9699.0,9699,1.0,1,0,0,0,0,0,9699,0,1,0
C004,2025-08-10,12846,1,12846.0,12846,1.0,1,0,0,12846,0,0,0,0,1,0
C004,2025-08-11,26030,2,13015.0,17617,0.5,2,0,17617,0,0,8413,0,0,1,1
C004,2025-08-13,2857,1,2857.0,2857,0.0,1,0,0,0,2857,0,0,0,1,0
C004,2025-08-14,160,1,160.0,160,0.0,1,0,160,0,0,0,0,0,0,1
C004,2025-08-15,22853,2,11426.5,12062,0.5,2,0,10791,12062,0,0,0,0,2,0
C004,2025-08-17,1961,1,1961.0,1961,1.0,1,0,1961,0,0,0,0,1,0,0
C004,2025-08-19,18497,2,9248.5,11460,0.0,2,11460,0,0,0,7037,0,1,1,0
C004,2025-08-20,18074,1,18074.0,18074,1.0,1,18074,0,0,0,0,0,0,1,0
C004,2025-08-21,13414,2,6707.0,10854,0.0,2,13414,0,0,0,0,0,1,1,0
C004,2025-08-22,24912,4,6228.0,11460,0.5,4,14721,5940,0,0,4251,0,1,2,1
C004,2025-08-23,16249,1,16249.0,16249,0.0,1,16249,0,0,0,0,0,0,1,0
C004,2025-08-24,4236,1,4236.0,4236,0.0,1,0,0,0,4236,0,0,0,0,1
C004,2025-08-25,5571,1,5571.0,5571,0.0,1,0,0,0,0,5571,0,1,0,0
C004,2025-08-27,18222,1,18222.0,18222,1.0,1,0,0,0,18222,0,0,0,0,1
C004,2025-08-29,9682,2,4841.0,9026,0.5,2,656,0,9026,0,0,0,1,1,0
C004,2025-08-30,11568,1,11568.0,11568,1.0,1,0,0,0,0,0,11568,1,0,0
C004,2025-08-31,23628,2,11814.0,12479,0.5,2,0,0,0,0,12479,11149,2,0,0
C004,2025-09-01,19910,1,19910.0,19910,1.0,1,0,0,19910,0,0,0,1,0,0
C004,2025-09-02,25867,3,8622.333333333334,11596,0.6666666666666666,3,0,11596,0,7467,6804,0,0,0,3
C004,2025-09-03,17207,1,17207.0,17207,1.0,1,0,0,0,0,0,17207,1,0,0
C004,2025-09-04,8847,1,8847.0,8847,1.0,1,0,0,0,0,8847,0,0,0,1
C004,2025-09-05,25477,2,12738.5,15226,0.0,2,10251,0,0,0,15226,0,1,0,1
C004,2025-09-06,60326,4,15081.5,19606,0.0,4,11702,11719,0,0,0,36905,1,3,0
C004,2025-09-08,32789,3,10929.666666666666,13565,0.6666666666666666,3,8107,0,11117,13565,0,0,2,1,0
C004,2025-09-09,11297,1,11297.0,11297,0.0,1,0,0,0,0,0,11297,0,1,0
C004,2025-09-10,24766,4,6191.5,13849,0.25,3,14688,0,0,0,10078,0,1,0,3
C004,2025-09-12,31884,2,15942.0,19087,1.0,2,19087,12797,0,0,0,0,1,0,1
C004,2025-09-13,15147,1,15147.0,15147,0.0,1,0,0,0,15147,0,0,1,0,0
C004,2025-09-14,2879,1,2879.0,2879,1.0,1,0,0,0,0,2879,0,0,0,1
C004,2025-09-15,40805,3,13601.666666666666,19322,0.0,3,38082,0,0,0,2723,0,0,1,2
C004,2025-09-16,18619,1,18619.0,18619,1.0,1,0,0,0,18619,0,0,1,0,0
C004,2025-09-17,51545,4,12886.25,16295,0.5,4,16295,11773,0,0,14232,9245,1,1,2
C004,2025-09-18,3426,1,3426.0,3426,1.0,1,0,0,3426,0,0,0,0,1,0
C004,2025-09-19,16314,2,8157.0,11122,1.0,2,5192,0,0,11122,0,0,1,1,0
C004,2025-09-20,754,1,754.0,754,1.0,1,754,0,0,0,0,0,0,1,0
C004,2025-09-22,7887,1,7887.0,7887,1.0,1,7887,0,0,0,0,0,0,1,0
C004,2025-09-23,9802,1,9802.0,9802,0.0,1,0,0,0,9802,0,0,0,1,0
C004,2025-09-24,39105,3,13035.0,16582,0.3333333333333333,3,0,0,22523,16582,0,0,1,0,2
C004,2025-09-25,41569,3,13856.333333333334,19656,1.0,3,0,0,0,21913,0,19656,0,3,0
C004,2025-09-26,25323,2,12661.5,17056,0.5,2,0,0,8267,17056,0,0,0,2,0
C004,2025-09-27,2097,1,2097.0,2097,1.0,1,0,0,2097,0,0,0,1,0,0
C004,2025-09-28,6831,1,6831.0,6831,0.0,1,0,0,6831,0,0,0,0,0,1
C004,2025-09-29,16734,1,16734.0,16734,1.0,1,0,0,0,0,0,16734,0,1,0
C004,2025-10-01,13391,2,6695.5,8724,0.5,2,0,4667,0,0,0,8724,0,2,0
C004,2025-10-02,4122,1,4122.0,4122,0.0,1,0,0,0,0,4122,0,1,0,0
C004,2025-10-03,9446,2,4723.0,5855,0.5,2,0,0,0,0,5855,3591,1,1,0
C004,2025-10-04,12218,1,12218.0,12218,1.0,1,0,12218,0,0,0,0,0,1,0
C004,2025-10-05,3157,1,3157.0,3157,1.0,1,0,0,0,3157,0,0,0,1,0
C004,2025-10-07,27857,3,9285.666666666666,16936,0.3333333333333333,3,21186,0,0,6671,0,0,0,1,2
C004,2025-10-08,18632,2,9316.0,17364,0.0,2,0,17364,0,1268,0,0,1,0,1
C004,2025-10-10,14257,1,14257.0,14257,1.0,1,0,0,0,0,14257,0,0,1,0
C004,2025-10-11,13482,1,13482.0,13482,1.0,1,13482,0,0,0,0,0,1,0,0
C004,2025-10-12,15147,2,7573.5,14354,0.5,2,0,14354,0,0,793,0,1,1,0
C004,2025-10-13,31525,2,15762.5,17035,0.5,2,0,0,14490,0,0,17035,1,1,0
C004,2025-10-14,29331,3,9777.0,16058,0.0,3,4478,8795,0,0,16058,0,1,1,1
C004,2025-10-15,13707,2,6853.5,7937,0.0,2,0,0,13707,0,0,0,2,0,0
C004,2025-10-17,17206,1,17206.0,17206,0.0,1,0,0,17206,0,0,0,1,0,0
C004,2025-10-19,14706,1,14706.0,14706,0.0,1,0,0,14706,0,0,0,1,0,0
C004,2025-10-20,23262,2,11631.0,12490,0.5,2,0,0,12490,10772,0,0,0,0,2
C004,2025-10-21,17386,2,8693.0,16298,0.5,2,1088,0,16298,0,0,0,0,0,2
C004,2025-10-22,13590,1,13590.0,13590,1.0,1,0,0,0,0,0,13590,1,0,0
C004,2025-10-23,25328,3,8442.666666666666,13280,0.6666666666666666,3,0,19758,5570,0,0,0,1,2,0
C004,2025-10-24,13390,2,6695.0,12973,0.0,2,0,12973,0,0,417,0,0,1,1
C004,2025-10-25,15957,1,15957.0,15957,1.0,1,0,15957,0,0,0,0,0,0,1
C004,2025-10-26,7957,1,7957.0,7957,1.0,1,0,0,0,7957,0,0,0,1,0
C004,2025-10-27,18863,1,18863.0,18863,1.0,1,0,0,0,18863,0,0,1,0,0
C004,2025-10-28,6843,1,6843.0,6843,1.0,1,0,0,0,0,6843,0,0,1,0
C004,2025-10-30,3657,1,3657.0,3657,1.0,1,0,0,3657,0,0,0,0,1,0
C004,2025-10-31,8601,1,8601.0,8601,1.0,1,0,0,0,0,0,8601,1,0,0
C004,2025-11-01,6004,1,6004.0,6004,0.0,1,0,0,6004,0,0,0,1,0,0
C004,2025-11-02,21076,2,10538.0,12558,0.0,2,0,0,8518,0,0,12558,1,0,1
C004,2025-11-05,13716,2,6858.0,10209,0.5,2,0,0,0,13716,0,0,0,1,1
C004,2025-11-07,5285,1,5285.0,5285,0.0,1,0,5285,0,0,0,0,0,1,0
C004,2025-11-09,34003,2,17001.5,19173,0.5,2,0,34003,0,0,0,0,1,1,0
C004,2025-11-10,31227,3,10409.0,17305,1.0,3,10989,20238,0,0,0,0,0,0,3
C004,2025-11-11,19930,1,19930.0,19930,0.0,1,0,0,19930,0,0,0,1,0,0
C004,2025-11-15,664,1,664.0,664,1.0,1,0,0,0,0,0,664,1,0,0
C004,2025-11-16,30828,2,15414.0,18412,0.5,2,0,0,12416,18412,0,0,1,0,1
C004,2025-11-17,38258,4,9564.5,19967,0.25,4,7249,0,0,0,19967,11042,1,2,1
C004,2025-11-18,31981,2,15990.5,16870,0.5,2,16870,15111,0,0,0,0,1,0,1
C004,2025-11-19,23731,2,11865.5,13832,1.0,2,0,0,0,9899,0,13832,0,2,0
C004,2025-11-20,16921,1,16921.0,16921,0.0,1,0,0,0,0,0,16921,0,0,1
C004,2025-11-22,25030,2,12515.0,15267,0.5,2,0,15267,9763,0,0,0,0,1,1
C004,2025-11-23,16065,1,16065.0,16065,1.0,1,16065,0,0,0,0,0,1,0,0
C004,2025-11-27,8027,2,4013.5,4607,0.0,2,0,4607,0,0,0,3420,1,0,1
C004,2025-11-28,826,1,826.0,826,1.0,1,0,0,0,826,0,0,0,0,1
C004,2025-11-29,19365,1,19365.0,19365,0.0,1,0,0,0,0,19365,0,1,0,0
C004,2025-11-30,13536,1,13536.0,13536,0.0,1,0,0,0,0,0,13536,1,0,0
C004,2025-12-01,11261,3,3753.6666666666665,6116,0.0,3,0,0,904,6116,0,4241,1,0,2
C004,2025-12-02,5677,1,5677.0,5677,1.0,1,0,0,0,0,0,5677,0,1,0
C004,2025-12-03,27505,2,13752.5,18087,0.0,2,0,0,0,0,9418,18087,0,1,1
C004,2025-12-04,2196,1,2196.0,2196,1.0,1,2196,0,0,0,0,0,1,0,0
C004,2025-12-05,18151,1,18151.0,18151,1.0,1,0,0,18151,0,0,0,1,0,0
C004,2025-12-07,19051,2,9525.5,17102,1.0,2,0,0,0,17102,0,1949,2,0,0
C004,2025-12-08,17299,3,5766.333333333333,8893,0.3333333333333333,3,0,0,0,11106,6193,0,0,2,1
C004,2025-12-09,19707,2,9853.5,13534,0.0,2,0,0,0,13534,0,6173,1,0,1
C004,2025-12-11,10371,1,10371.0,10371,1.0,1,10371,0,0,0,0,0,1,0,0
C004,2025-12-12,4295,1,4295.0,4295,0.0,1,4295,0,0,0,0,0,0,0,1
C004,2025-12-14,17165,1,17165.0,17165,1.0,1,0,0,0,17165,0,0,1,0,0
C004,2025-12-16,13261,1,13261.0,13261,0.0,1,0,13261,0,0,0,0,0,0,1
C004,2025-12-19,9178,1,9178.0,9178,1.0,1,0,9178,0,0,0,0,1,0,0
C004,2025-12-20,4752,1,4752.0,4752,1.0,1,0,0,0,0,4752,0,1,0,0
C004,2025-12-22,14688,1,14688.0,14688,0.0,1,0,14688,0,0,0,0,0,0,1
C004,2025-12-23,6427,2,3213.5,5519,1.0,2,0,0,908,0,0,5519,1,1,0
C004,2025-12-24,17613,1,17613.0,17613,1.0,1,0,0,17613,0,0,0,0,1,0
C004,2025-12-25,985,1,985.0,985,1.0,1,0,0,0,0,0,985,0,1,0
C004,2025-12-26,18284,2,9142.0,11055,0.5,2,7229,0,0,0,11055,0,0,0,2
C004,2025-12-27,18912,1,18912.0,18912,0.0,1,0,0,18912,0,0,0,0,0,1
C004,2025-12-29,29444,2,14722.0,17185,0.5,2,0,0,0,0,0,29444,1,1,0
C004,2025-12-31,9711,3,3237.0,4719,0.3333333333333333,3,1870,0,0,7841,0,0,2,0,1
C004,2026-01-01,3538,2,1769.0,2046,1.0,2,0,1492,0,0,2046,0,0,0,2
C004,2026-01-02,10851,2,5425.5,5882,0.5,2,10851,0,0,0,0,0,1,1,0
C004,2026-01-03,178,1,178.0,178,0.0,1,0,0,178,0,0,0,1,0,0
C004,2026-01-04,18662,1,18662.0,18662,0.0,1,18662,0,0,0,0,0,0,1,0
C004,2026-01-05,23127,2,11563.5,17448,1.0,2,0,0,0,5679,17448,0,0,2,0
C004,2026-01-07,15483,1,15483.0,15483,1.0,1,0,0,0,0,0,15483,0,1,0
C004,2026-01-08,26341,2,13170.5,13603,0.0,2,12738,0,0,0,0,13603,0,2,0
C004,2026-01-09,12131,1,12131.0,12131,1.0,1,0,0,0,0,12131,0,1,0,0
C004,2026-01-10,7866,1,7866.0,7866,0.0,1,0,0,0,7866,0,0,1,0,0
C004,2026-01-11,16949,2,8474.5,11792,0.5,2,0,5157,0,0,11792,0,0,1,1
C004,2026-01-12,5157,1,5157.0,5157,0.0,1,0,0,0,0,5157,0,0,0,1
C004,2026-01-13,13754,1,13754.0,13754,1.0,1,0,0,0,0,13754,0,1,0,0
C004,2026-01-14,11365,2,5682.5,10325,1.0,2,0,0,0,1040,10325,0,1,1,0
C004,2026-01-15,11543,2,5771.5,6575,0.0,2,0,6575,0,4968,0,0,1,0,1
C004,2026-01-18,25376,2,12688.0,13909,0.5,2,0,11467,13909,0,0,0,1,0,1
C004,2026-01-19,33952,3,11317.333333333334,15667,0.6666666666666666,3,14942,0,0,0,19010,0,1,0,2
C004,2026-01-20,9315,1,9315.0,9315,1.0,1,9315,0,0,0,0,0,1,0,0
C004,2026-01-21,15738,1,15738.0,15738,0.0,1,0,0,0,0,15738,0,1,0,0
C004,2026-01-22,22779,2,11389.5,15947,0.5,2,22779,0,0,0,0,0,1,0,1
C004,2026-01-23,9286,1,9286.0,9286,1.0,1,0,0,0,9286,0,0,1,0,0
C004,2026-01-24,5619,1,5619.0,5619,0.0,1,5619,0,0,0,0,0,0,1,0
C004,2026-01-25,1547,1,1547.0,1547,1.0,1,0,1547,0,0,0,0,0,1,0
C004,2026-01-26,9603,1,9603.0,9603,1.0,1,0,0,0,0,9603,0,0,1,0
C004,2026-01-28,6185,1,6185.0,6185,1.0,1,0,0,0,0,6185,0,1,0,0
C004,2026-01-29,13404,2,6702.0,10051,0.5,2,0,3353,0,0,10051,0,0,1,1
C004,2026-01-30,14688,2,7344.0,8629,0.5,2,0,8629,6059,0,0,0,1,0,1
C005,2025-08-01,38738,4,9684.5,16879,0.75,4,6606,15253,0,0,0,16879,2,2,0
C005,2025-08-03,21148,2,10574.0,12782,0.5,2,0,0,12782,0,8366,0,0,1,1
C005,2025-08-04,37508,3,12502.666666666666,17658,0.3333333333333333,3,7362,0,0,30146,0,0,1,0,2
C005,2025-08-07,18356,1,18356.0,18356,0.0,1,0,18356,0,0,0,0,0,0,1
C005,2025-08-09,7550,1,7550.0,7550,1.0,1,7550,0,0,0,0,0,1,0,0
C005,2025-08-10,42563,3,14187.666666666666,16804,0.6666666666666666,3,31844,0,0,10719,0,0,1,2,0
C005,2025-08-11,54184,4,13546.0,19658,1.0,4,25367,0,14282,14535,0,0,3,0,1
C005,2025-08-13,12637,1,12637.0,12637,0.0,1,0,0,12637,0,0,0,0,1,0
C005,2025-08-14,23302,2,11651.0,18704,0.5,2,23302,0,0,0,0,0,0,1,1
C005,2025-08-15,13684,2,6842.0,12370,0.5,2,0,12370,1314,0,0,0,0,1,1
C005,2025-08-17,46018,4,11504.5,14347,0.5,3,11730,0,14347,19941,0,0,1,3,0
C005,2025-08-19,24880,2,12440.0,18261,1.0,2,0,0,0,0,18261,6619,0,1,1
C005,2025-08-20,9098,1,9098.0,9098,1.0,1,0,0,0,0,0,9098,1,0,0
C005,2025-08-21,1931,1,1931.0,1931,0.0,1,1931,0,0,0,0,0,0,1,0
C005,2025-08-22,24926,3,8308.666666666666,11885,0.6666666666666666,2,0,11117,1924,0,11885,0,3,0,0
C005,2025-08-23,13422,1,13422.0,13422,1.0,1,0,13422,0,0,0,0,0,1,0
C005,2025-08-24,4251,1,4251.0,4251,1.0,1,0,4251,0,0,0,0,1,0,0
C005,2025-08-26,61514,5,12302.8,19195,0.0,5,4762,0,28112,12741,15899,0,0,3,2
C005,2025-08-28,18963,2,9481.5,10960,0.0,2,0,8003,0,10960,0,0,1,0,1
C005,2025-08-30,39577,4,9894.25,15663,0.5,3,0,26637,0,12449,491,0,2,1,1
C005,2025-08-31,35527,2,17763.5,19887,1.0,2,0,0,0,15640,19887,0,1,0,1
C005,2025-09-01,30345,3,10115.0,11526,0.3333333333333333,3,21844,0,0,0,8501,0,1,0,2
C005,2025-09-02,24101,3,8033.666666666667,12162,0.6666666666666666,3,0,7705,0,4234,0,12162,0,2,1
C005,2025-09-03,16106,1,16106.0,16106,1.0,1,0,16106,0,0,0,0,1,0,0
C005,2025-09-04,59349,5,11869.8,18708,0.4,5,4707,9163,18708,10933,15838,0,1,2,2
C005,2025-09-05,9610,1,9610.0,9610,1.0,1,0,0,0,0,9610,0,1,0,0
C005,2025-09-06,16776,1,16776.0,16776,0.0,1,0,0,16776,0,0,0,0,1,0
C005,2025-09-07,53292,5,10658.4,19868,0.2,5,0,0,4642,28782,0,19868,3,2,0
C005,2025-09-08,37876,3,12625.333333333334,19246,0.3333333333333333,3,0,21067,0,0,0,16809,1,2,0
C005,2025-09-09,38244,4,9561.0,15469,0.0,4,0,13850,23697,697,0,0,2,0,2
C005,2025-09-11,13529,1,13529.0,13529,1.0,1,0,0,0,13529,0,0,0,0,1
C005,2025-09-12,15284,1,15284.0,15284,1.0,1,0,0,0,15284,0,0,0,0,1
C005,2025-09-13,22955,2,11477.5,12341,0.5,2,0,12341,0,0,10614,0,1,1,0
C005,2025-09-14,12764,1,12764.0,12764,0.0,1,0,12764,0,0,0,0,0,1,0
C005,2025-09-15,6705,1,6705.0,6705,1.0,1,0,0,6705,0,0,0,1,0,0
C005,2025-09-16,11095,2,5547.5,6697,0.5,2,0,0,6697,0,4398,0,0,1,1
C005,2025-09-17,8425,1,8425.0,8425,1.0,1,0,0,0,0,8425,0,0,0,1
C005,2025-09-18,20146,2,10073.0,14611,0.0,2,0,20146,0,0,0,0,0,0,2
C005,2025-09-19,10020,2,5010.0,5511,0.5,1,0,0,5511,0,4509,0,1,1,0
C005,2025-09-20,34410,3,11470.0,13833,0.6666666666666666,3,8891,0,0,0,13833,11686,1,1,1
C005,2025-09-21,15854,1,15854.0,15854,0.0,1,0,0,0,0,15854,0,1,0,0
C005,2025-09-22,43702,3,14567.333333333334,17273,0.6666666666666666,3,0,12155,17273,14274,0,0,3,0,0
C005,2025-09-24,28557,2,14278.5,18318,0.0,2,0,0,0,28557,0,0,1,1,0
C005,2025-09-25,35683,2,17841.5,19808,1.0,2,35683,0,0,0,0,0,0,0,2
C005,2025-09-26,26555,2,13277.5,13366,0.0,2,0,13189,13366,0,0,0,2,0,0
C005,2025-09-27,17357,1,17357.0,17357,1.0,1,0,0,0,0,0,17357,1,0,0
C005,2025-09-28,883,1,883.0,883,0.0,1,0,0,0,0,883,0,0,1,0
C005,2025-09-30,9877,2,4938.5,8672,0.5,2,0,0,0,0,8672,1205,1,0,1
C005,2025-10-02,18906,2,9453.0,17316,0.0,2,17316,0,0,0,1590,0,1,1,0
C005,2025-10-03,21985,2,10992.5,19518,0.5,2,0,0,0,0,21985,0,0,2,0
C005,2025-10-04,19231,1,19231.0,19231,1.0,1,0,19231,0,0,0,0,0,1,0
C005,2025-10-05,27361,2,13680.5,14258,0.5,2,14258,0,0,0,0,13103,1,0,1
C005,2025-10-06,1802,1,1802.0,1802,0.0,1,1802,0,0,0,0,0,0,1,0
C005,2025-10-07,16204,2,8102.0,9581,0.0,2,0,16204,0,0,0,0,2,0,0
C005,2025-10-08,11074,1,11074.0,11074,0.0,1,0,0,0,11074,0,0,1,0,0
C005,2025-10-09,8828,2,4414.0,6558,0.0,2,6558,0,0,0,2270,0,1,0,1
C005,2025-10-10,10801,3,3600.3333333333335,6599,0.3333333333333333,3,0,9900,0,0,0,901,0,1,2
C005,2025-10-11,30793,2,15396.5,15838,0.5,2,14955,0,0,0,0,15838,2,0,0
C005,2025-10-14,9869,1,9869.0,9869,0.0,1,0,0,9869,0,0,0,0,0,1
C005,2025-10-15,36753,3,12251.0,17164,0.6666666666666666,3,5347,0,17164,14242,0,0,1,1,1
C005,2025-10-16,8972,1,8972.0,8972,1.0,1,0,0,0,8972,0,0,1,0,0
C005,2025-10-17,21775,2,10887.5,19651,0.0,2,2124,19651,0,0,0,0,0,1,1
C005,2025-10-18,16016,1,16016.0,16016,0.0,1,0,0,0,0,16016,0,0,1,0
C005,2025-10-19,25726,2,12863.0,17777,0.5,2,25726,0,0,0,0,0,0,0,2
C005,2025-10-22,8290,1,8290.0,8290,0.0,1,0,8290,0,0,0,0,1,0,0
C005,2025-10-23,7944,1,7944.0,7944,1.0,1,0,0,0,0,0,7944,0,1,0
C005,2025-10-25,6944,2,3472.0,6751,1.0,2,0,0,6944,0,0,0,1,1,0
C005,2025-10-26,21262,3,7087.333333333333,14124,0.3333333333333333,3,344,0,6794,0,14124,0,1,1,1
C005,2025-10-27,21595,2,10797.5,10992,0.5,2,0,10992,10603,0,0,0,1,0,1
C005,2025-10-28,12752,2,6376.0,11695,1.0,2,11695,0,0,0,0,1057,0,1,1
C005,2025-10-29,21606,2,10803.0,17423,0.5,2,4183,0,0,0,0,17423,0,1,1
C005,2025-10-30,8953,1,8953.0,8953,1.0,1,0,0,8953,0,0,0,1,0,0
C005,2025-10-31,20836,2,10418.0,19193,0.5,2,0,1643,0,0,0,19193,1,0,1
C005,2025-11-01,8301,1,8301.0,8301,0.0,1,0,0,0,0,8301,0,0,1,0
C005,2025-11-03,17232,3,5744.0,12716,0.0,3,12716,0,0,4516,0,0,1,1,1
C005,2025-11-04,15655,2,7827.5,11765,0.5,2,0,0,0,0,0,15655,1,0,1
C005,2025-11-06,4343,1,4343.0,4343,1.0,1,0,4343,0,0,0,0,1,0,0
C005,2025-11-07,20535,2,10267.5,13986,0.5,1,0,6549,13986,0,0,0,1,1,0
C005,2025-11-08,10155,1,10155.0,10155,0.0,1,0,0,0,10155,0,0,1,0,0
C005,2025-11-09,1509,1,1509.0,1509,0.0,1,0,1509,0,0,0,0,1,0,0
C005,2025-11-10,34004,4,8501.0,19268,0.5,3,472,0,0,0,21770,11762,2,1,1
C005,2025-11-11,16664,2,8332.0,15161,0.5,2,15161,0,0,0,0,1503,1,1,0
C005,2025-11-12,21660,2,10830.0,15688,0.0,2,0,21660,0,0,0,0,1,0,1
C005,2025-11-13,3229,1,3229.0,3229,0.0,1,0,0,0,0,3229,0,0,0,1
C005,2025-11-14,11430,1,11430.0,11430,0.0,1,11430,0,0,0,0,0,0,1,0
C005,2025-11-15,17595,2,8797.5,16250,1.0,2,0,0,0,16250,1345,0,0,0,2
C005,2025-11-17,33086,3,11028.666666666666,14210,0.3333333333333333,3,0,6138,12738,0,14210,0,1,1,1
C005,2025-11-18,10021,2,5010.5,5444,1.0,2,0,4577,5444,0,0,0,2,0,0
C005,2025-11-19,10764,2,5382.0,5472,0.5,2,0,0,0,5472,0,5292,0,1,1
C005,2025-11-20,9471,1,9471.0,9471,1.0,1,0,9471,0,0,0,0,0,0,1
C005,2025-11-21,23322,3,7774.0,17354,0.6666666666666666,3,3282,0,0,0,2686,17354,2,0,1
C005,2025-11-22,55245,3,18415.0,19724,0.3333333333333333,3,0,16779,18742,0,0,19724,2,0,1
C005,2025-11-26,45911,3,15303.666666666666,19897,0.6666666666666666,3,0,14036,31875,0,0,0,2,1,0
C005,2025-11-27,35989,3,11996.333333333334,18174,0.3333333333333333,3,4402,13413,0,18174,0,0,1,1,1
C005,2025-11-28,9229,2,4614.5,7532,0.5,2,0,0,0,0,1697,7532,0,1,1
C005,2025-11-30,7102,1,7102.0,7102,1.0,1,7102,0,0,0,0,0,0,1,0
C005,2025-12-01,1015,2,507.5,659,0.5,2,659,0,0,0,356,0,1,0,1
C005,2025-12-03,27287,6,4547.833333333333,9681,0.8333333333333334,6,2916,0,9681,6511,1293,6886,3,2,1
C005,2025-12-04,11741,3,3913.6666666666665,4283,1.0,3,0,3744,0,0,4283,3714,1,0,2
C005,2025-12-05,30580,3,10193.333333333334,13869,0.3333333333333333,3,0,0,26368,4212,0,0,0,1,2
C005,2025-12-06,27173,3,9057.666666666666,12891,0.3333333333333333,3,4342,0,12891,0,0,9940,2,1,0
C005,2025-12-07,12851,1,12851.0,12851,0.0,1,0,0,0,0,0,12851,0,0,1
C005,2025-12-08,10676,1,10676.0,10676,0.0,1,0,0,0,0,0,10676,1,0,0
C005,2025-12-09,38815,4,9703.75,17924,0.25,4,0,30358,0,0,0,8457,2,1,1
C005,2025-12-11,13667,2,6833.5,9256,0.5,2,0,0,0,0,4411,9256,0,2,0
C005,2025-12-12,13944,1,13944.0,13944,0.0,1,0,0,13944,0,0,0,0,1,0
C005,2025-12-15,25285,2,12642.5,14360,0.5,2,10925,0,14360,0,0,0,0,1,1
C005,2025-12-19,10624,1,10624.0,10624,1.0,1,0,0,0,0,10624,0,1,0,0
C005,2025-12-22,4582,1,4582.0,4582,0.0,1,0,0,0,4582,0,0,0,1,0
C005,2025-12-24,16219,2,8109.5,11424,1.0,2,0,11424,0,0,0,4795,1,0,1
C005,2025-12-25,14479,1,14479.0,14479,0.0,1,0,0,0,0,14479,0,0,0,1
C005,2025-12-26,23916,2,11958.0,17348,0.5,2,0,6568,0,17348,0,0,0,1,1
C005,2025-12-27,4101,1,4101.0,4101,1.0,1,0,0,0,0,4101,0,0,1,0
C005,2025-12-28,6491,1,6491.0,6491,1.0,1,0,0,0,6491,0,0,1,0,0
C005,2025-12-29,12342,2,6171.0,8223,0.0,2,8223,0,4119,0,0,0,2,0,0
C005,2025-12-30,11236,1,11236.0,11236,0.0,1,0,0,11236,0,0,0,0,0,1
C005,2025-12-31,36978,3,12326.0,17890,0.6666666666666666,3,36978,0,0,0,0,0,0,1,2
C005,2026-01-01,11820,1,11820.0,11820,0.0,1,0,0,0,11820,0,0,0,1,0
C005,2026-01-03,16899,1,16899.0,16899,0.0,1,0,0,0,16899,0,0,0,0,1
C005,2026-01-06,15247,2,7623.5,12774,1.0,2,0,0,0,0,2473,12774,0,0,2
C005,2026-01-07,19071,2,9535.5,13380,0.5,2,0,5691,0,0,0,13380,1,0,1
C005,2026-01-08,19566,1,19566.0,19566,1.0,1,0,0,0,0,19566,0,0,0,1
C005,2026-01-09,2339,1,2339.0,2339,0.0,1,0,2339,0,0,0,0,0,1,0
C005,2026-01-10,32022,3,10674.0,12176,0.0,3,12176,0,0,8218,11628,0,1,1,1
C005,2026-01-11,486,1,486.0,486,1.0,1,486,0,0,0,0,0,0,0,1
C005,2026-01-13,14980,3,4993.333333333333,6784,0.3333333333333333,3,0,6242,6784,0,1954,0,1,1,1
C005,2026-01-15,8038,1,8038.0,8038,1.0,1,0,0,0,0,0,8038,1,0,0
C005,2026-01-16,55410,4,13852.5,19004,0.75,4,17524,3194,0,34692,0,0,3,1,0
C005,2026-01-17,21633,3,7211.0,14777,0.6666666666666666,2,0,0,0,6856,0,14777,1,2,0
C005,2026-01-18,15347,1,15347.0,15347,0.0,1,0,0,0,15347,0,0,1,0,0
C005,2026-01-19,21912,3,7304.0,8706,0.0,2,0,0,0,0,8706,13206,1,1,1
C005,2026-01-21,31808,3,10602.666666666666,15426,0.0,3,0,0,0,0,1200,30608,1,1,1
C005,2026-01-22,9881,1,9881.0,9881,0.0,1,0,0,9881,0,0,0,0,1,0
C005,2026-01-24,8109,1,8109.0,8109,1.0,1,0,0,0,8109,0,0,0,1,0
C005,2026-01-25,32471,3,10823.666666666666,15545,1.0,3,0,3467,15545,0,0,13459,2,1,0
C005,2026-01-26,21838,3,7279.333333333333,19331,0.6666666666666666,3,20643,1195,0,0,0,0,2,0,1
C005,2026-01-27,10815,1,10815.0,10815,1.0,1,0,10815,0,0,0,0,0,0,1
C005,2026-01-28,27560,3,9186.666666666666,10880,0.6666666666666666,3,0,19605,0,7955,0,0,2,1,0
C005,2026-01-29,16401,1,16401.0,16401,1.0,1,0,0,0,0,0,16401,1,0,0
C005,2026-01-31,9355,1,9355.0,9355,0.0,1,0,9355,0,0,0,0,0,1,0
